model,base_accuracy,opt_accuracy
RandomForest,0.7863733144073811,0.8055358410220014
XGBoost,0.7849538679914834,0.8005677785663591
LogisticRegression,0.8026969481902059,0.8048261178140526
